feature_1,feature_2,class
-2.2673591091560055,1.7790327740509533,1
-2.075435707791315,-2.051162102423848,0
-2.4475780107577636,1.1732407971641061,1
-3.02328392122917,0.5710552800982591,1
-1.8129210479182212,-2.316205627540343,0
-2.421056528912155,-2.1734263885821203,0
-1.85687356958649,2.566389383657711,1
-2.6692886070550594,-3.009059601045739,0
-1.122002157979186,2.911138985170993,1
-1.8632662471778698,-0.9839569785531637,0
-2.5638508778517393,-1.1915427183022387,0
-1.9244930703091534,1.8321460521478772,1
-2.1413343959280784,-2.562068162446713,0
-0.8814605113154894,3.5262272410642312,1
-2.4677694439867928,-1.9973160618157373,0
-2.04162365968754,2.527997062672935,1
-2.366370170486501,1.4031588338851466,1
-2.800032751522977,-2.7278061777575315,0
-1.1075416089228836,2.3628967462074977,1
-2.364044327371616,2.0445362645337304,1
-1.6385056945354302,-1.5423934457573678,0
-2.3875312155607333,-2.279217423184012,0
-2.783449253944459,1.624126463821664,1
-2.674825260346454,-3.695364999691906,0
-2.618001833912585,1.590078239261514,1
-1.2398109993212547,-0.7505401952073325,0
-1.468732320538678,1.1172423935208164,1
-1.448719046878042,3.382097677651913,1
-1.602024718950373,-1.977723002940101,0
-0.37716614424904615,0.4206949242295983,0
-2.5822537050243812,-2.678251229887891,0
-1.6511984895759864,-1.5183448123755847,0
-3.263611564794172,-2.95836011018493,0
-2.3128837095681427,-1.817248061771108,0
-0.8055287301935472,3.5997205057333543,1
-2.152921387991757,-2.7548850818201585,0
-0.9689523668591113,3.0834865031908216,1
-2.4815431889458797,-2.2796447370099346,0
-1.4616442550714597,2.675399190836008,1
-2.224170178418405,1.097356514481165,1
-1.871713760936173,1.595266008352422,1
-2.0383682032618933,-2.509124800941147,0
-2.2909263370416078,2.060456017196112,1
-2.262137988300084,2.4459237858975436,1
-2.1632380423507533,2.793436857228702,1
-1.954175285259112,2.3015689461355984,1
-1.5725644235663707,-1.0161010709955909,0
-2.043555338072319,2.040885949702658,1
-2.145198916387226,-1.626346379595459,0
-2.5695886301442394,1.9407684323226495,1
-2.2528970855348955,-1.812643156960988,0
-1.6913653855805844,2.147633169314712,1
-1.889933597888745,-2.3697572857871756,0
-2.2270162489382423,-2.059036357862479,0
-1.9706709987286695,2.731178840245006,1
-1.44459520270934,2.60382217140102,1
-1.5313446056679303,-1.29017451872279,0
-2.5913020073575375,-1.4991047434201203,0
-2.826428990237026,1.6129180915945054,1
-1.094463839401088,3.2502044805174766,1
-1.4678467875889867,-1.476326207926137,0
-1.524356534820454,-0.627401822304543,0
-2.3596263772981407,1.6472677094207646,1
-1.9791004421986846,2.737443530120953,1
-2.4960952847710876,-2.7674478727317746,0
-2.821161100041817,1.2036340913430983,1
-1.5288083693759784,1.4728298484898523,1
-0.9908325207026967,-1.395465602371528,0
-2.1239510357350078,2.2291982905655017,1
-2.3317462401894913,-2.020370325818634,0
-1.7297725121976526,2.8446580954913108,1
-2.4446403192945616,-2.664818339562431,0
-2.038273821373029,2.4719477894190867,1
-1.9936015036046186,-1.6990043244151767,0
-1.7339266020488262,2.725457226638175,1
-1.80772223924548,-1.0812570541773145,0
-1.9652936743477167,-2.401331012344464,0
-1.4029313332514723,-1.7201668384872657,0
-2.6485092414535343,-2.42826814560671,0
-1.8935700703174307,-2.4232731579607174,0
-2.551007203134877,-1.8077558729067704,0
-1.7729901404179458,1.5303919753587303,1
-1.3660566041648554,-1.2810241664550281,0
-2.642777508047303,1.9102551573641646,1
-2.2556404198878077,1.30156558193264,1
-1.463949613095477,-0.9982026790380247,0
-1.3191575711999743,-2.044126172481304,0
-1.2949403706978533,3.460937963394368,1
-1.8184938956523553,1.561722487473019,1
-1.8406173513680708,1.6368445892894956,1
-1.4551497700130134,2.7126645793146107,1
-2.5049860502397547,-2.6593534304238666,0
-2.6143040101262223,1.4058932891203015,1
-2.3860064306194255,-1.8296975305133558,0
-0.9249541951997939,0.00853673513346953,0
-1.8021702170973866,2.3176803784113833,1
-1.4317103263684712,2.209189022031551,1
-0.9017194519072562,3.604290230283503,1
-1.4000575550534577,2.944424332649311,1
-1.2387483342877696,-0.9958495156544798,0
-1.641502935758472,2.3314810924594442,1
-2.2418985397115585,1.8773100953068786,1
-1.9215446748403497,-2.2902771278342193,0
-1.4321943538946758,-0.5924608706373009,0
-1.6017857022605697,-1.7519812405789612,0
-2.1354173991601315,1.4188742275749813,1
-1.7486607358862671,3.0303126465770487,1
-2.96505899393876,1.1969981569272323,1
-2.2897624381320125,-1.7604575776547018,0
-2.641716161290497,2.195735376438201,1
-1.8789995764391594,-2.3205676924069487,0
-2.557581978993974,2.319849774270225,1
-2.534715339558127,-1.8703899064839604,0
-1.0804163783290772,-0.91425045984838,0
-1.686133849453695,2.1752360215644675,1
-1.968936694017249,0.3566063636732719,1
-2.6565392128756873,1.3531301727323628,1
-1.2794449218919008,-1.671849361596139,0
-0.942171692773875,-1.23629047720887,0
-1.4791501894593373,-1.071508624068499,0
-1.4973234671297884,-2.317257717196739,0
-3.6265185061559873,-4.0292439706775856,0
-2.561658411421198,-2.425288335466275,0
-2.1084416633791725,-2.0434270237767023,0
-3.1166536945187477,-2.9202889821473335,0
-2.971816377090187,1.4112662553668933,1
-1.9053395445298003,-2.4004896131001607,0
-1.6499579133840405,-2.017207572685096,0
-1.2726783211735362,1.53888224403374,1
-1.432092188584023,-1.611077656987405,0
-0.8839574392239016,2.3541585999556247,1
-1.8016707424479044,-2.574237822735559,0
-1.298751619790326,2.998058370120628,1
-1.2603818325909493,3.0196945756922506,1
-2.2531934663226343,2.2115521511915537,1
-2.7702494760734533,1.700163564080297,1
-2.56297184248998,-2.1651440343966604,0
-2.670937445069556,-2.096995849352035,0
-2.240053231992996,-2.2098959597215844,0
-1.7982305382203985,-1.838398016643949,0
-2.312088263512425,-2.963469855010927,0
-2.9185997098964607,-3.522797961145542,0
-2.141873073977865,-2.3328904652607205,0
-2.20670535160119,1.8980656055515335,1
-2.4261708623776546,1.862805035203371,1
-1.7789155234606295,-1.8195275053178739,0
-1.6204013399583554,1.895698158152461,1
-1.5646794286186128,-2.201265271784255,0
-1.6034319303801539,2.4028939030805105,1
-1.7956155365287587,2.182393560000216,1
-1.7737581910618585,1.550079189968463,1
-1.9377660178633918,2.8271868065856767,1
-1.7218639379524372,-1.504954768898044,0
-2.1528380130265052,-2.09868898461992,0
-2.5993376072801135,1.131684991453946,0
-1.125936742064447,-1.2367431542197898,0
-1.7843484653805726,1.7128654431329158,1
-2.5108312091876925,-2.1255736805363936,0
-2.2408203089882552,-1.975432298820604,0
-2.7022406226757028,2.146261320356565,1
-2.712142716414189,-2.7433354868968913,0
-1.8827248319680998,1.697831360806446,1
-1.6076123775854094,1.594531113655966,1
-1.509320694506303,-0.8440496111293136,0
-2.0781871891843915,-2.1721040862601626,0
-2.32000231076007,-2.6761809421979663,0
-1.217245805290795,-0.28105907480651293,0
-1.9222917905393146,2.566321040251229,1
-2.238834166754686,-1.7321091263243802,0
-2.7057215468074256,1.5239934696126027,1
-2.6354555553689822,2.4185263696942454,1
-1.6135620405564066,-0.6739566906183323,0
-1.4096764574831813,2.223869387456911,1
-1.6500117657365214,-1.1085264177236482,0
-2.09948933913472,2.6545039425649835,1
-1.7491090478709146,-1.7969618354153445,0
-2.2828481848608577,1.9039706713348674,1
-0.8886763568671561,3.2863332771641316,1
-1.8771475557395643,-1.5692968710023136,0
-3.5890138241985277,-3.9741077083209575,0
-1.3888022157755233,-1.0630251448340693,0
-0.9291467099159862,3.1665365160208707,1
-1.856578274556553,1.6445652708608594,1
-1.9034117642470596,1.9005523889305034,1
-2.883294286751382,-3.2257509256785966,0
-2.2145032503124957,1.502938298734685,1
-2.8624855006704055,-1.6982579212731759,0
-0.30452489086940115,-1.0234117508015173,0
-2.7125757837813094,2.1270886299715865,1
-2.191083435956542,-1.5818236790846818,0
-2.1431730836021132,-1.7666132525225569,0
-2.30106599783826,-2.3838766834898264,0
-0.6816627905966388,3.034662901859427,1
-2.941779482355548,-3.2413440417804207,0
-2.165486244151691,-2.0159147820931143,0
-1.4348234550815702,-1.8153531060419117,0
-2.944356899611743,1.3844341030992398,1
-1.3134878308460416,-1.6333543011690463,0
-1.5693175248286275,-0.9467545434215097,0
-2.1785170800250877,2.160118282869377,1
-2.063580513026692,-2.379816487408263,0
-2.192548722288843,1.8529515345612335,1
-2.1180849111280087,1.3535406527296856,1
-2.384686301623602,1.5683306138494282,1
-2.2593077419938252,2.7064965664876572,1
-2.816039822306924,-2.249334135694172,0
-1.2526952143430048,-0.4829023429308983,0
-3.26217843558303,-3.0893286314607247,0
-2.5406818173495127,-0.25534035066451377,1
-1.21871280650174,2.7712851028367864,1
-2.9830337558123547,0.9082243261528518,1
-1.6188288425904849,2.418159821500008,1
-2.155814077551408,2.7930101186978,1
-3.356408301533272,-4.029852648655128,0
-2.3069256782200225,-2.1003910755467308,0
-2.0741861159363326,2.0720212420696575,1
-1.2618162344786137,3.0665415560846006,1
-1.8766354402959418,1.9874292839819714,1
-1.918640729652367,2.6199284954048565,1
-2.126998189055235,-1.8751234156530145,0
-1.790863813409815,0.7533031145707099,1
-2.1875874929436803,1.6805445771725989,1
-1.4901656605501905,3.1827873297834453,1
-2.2754761529194374,1.3424062355374158,1
-1.6035362761039085,1.213745082630667,1
-2.5436217652050703,-1.0973053003882118,0
-2.050012293069702,1.9612144471806163,1
-2.3934125125254377,-2.8929439751192874,0
-2.0329039739849564,2.0165481157129106,1
-2.162948282392245,2.35547646535562,1
-1.4855151836637357,2.859223838102931,1
-2.153150380081623,2.117590883341651,1
-1.190703464912993,-1.6964080177840244,0
-1.7271211564899371,-2.004923764516355,0
-2.376056126932221,2.2245141777389104,1
-2.2300911038010622,2.1525743892313383,1
-1.3023346556935915,2.493145384558076,1
-1.7619350735344739,-1.3195631242175319,0
-1.6973835032495785,-1.8615001242432379,0
-1.192627366676178,-0.944865725905484,0
-2.0466302497595708,2.010276304415234,1
-2.329717673515745,-2.2454325027817275,0
-0.827980108646122,-0.31011470401732244,0
-1.79873939634513,-2.4225263717506813,0
-1.8047459894099362,2.600206060492164,1
-0.8610835462118034,2.225188913748057,1
-2.0388203268288128,2.825587896244245,1
-2.738003321447916,0.9244675399325475,1
-2.0582267984671314,-2.3886987340630124,0
-2.1950190273914134,-1.8641261850592237,0
-2.0157779185502984,1.879655974266702,1
-2.149219101309054,2.581612235011136,1
-1.4062234712373938,-0.901443493663338,0
-1.6668847285088124,-1.912471925992612,0
-1.9592281305642674,2.1693592964910837,1
-0.8647884314027328,-0.2029695162060785,0
-1.4462647130955015,-1.337704263267689,0
-1.4181790774304635,1.9701004076733308,1
-2.167134869764203,-2.668278236809838,0
-1.2984382426793601,1.8652980397193957,1
-1.8926282649152986,1.4142436353509762,1
-1.6260032492367196,2.9230945853137715,1
-1.1935270349744431,-0.0738121567966965,0
-1.9660290100765154,2.2874112334624614,1
-1.6787275014659764,2.2359157146968696,1
-2.635899839591931,2.0803704738855187,1
-3.464876221384533,1.2035591027905679,1
-2.6641754735123095,-1.8776323928050238,0
-2.448069468435896,2.3049610133787404,1
-2.722771110588959,-3.1425708925938416,0
-2.760606440256992,-3.97244654624075,0
-1.3287438148614914,-1.9630259785801965,0
-2.1189725825791172,1.6562839754720846,1
-1.4795875736666608,3.3997733252530864,1
-1.742318589139654,1.6028715201471382,1
-1.1306399935528124,-1.7996327078796464,0
-1.1955933499111486,-0.9785260443117307,0
-2.0508709958539453,-2.08366964456855,0
-1.7264896821924434,2.8368746024126077,1
-1.9359876733130421,-1.918380044520215,0
-2.5386055765276963,-3.1710403646478738,0
-1.4434924657792,-2.169339259245024,0
-2.272966126862327,-2.530226081464251,0
-2.6290158531464325,0.21401671229405284,1
-2.132848234947278,-2.767879910192042,0
-2.1088121687772317,2.0591546179862745,1
-1.4694243228228778,3.2895710155408158,1
-1.4158420721874232,2.8885163954854987,1
-1.7841880569102133,1.1147142597666209,1
-1.4759612306664986,-1.7549815945889824,0
-2.3457390707406747,1.836771442475584,1
-1.4876587079506194,1.7995645060557242,1
-0.018106044031089397,3.416844710020626,1
-2.4124486982254694,-2.3928441406395273,0
-2.4703039570538348,1.2625076910718298,1
-1.6578520656600857,1.0604893672223996,1
-0.7866735872766308,-0.0959395787828976,0
-1.76216430752566,-0.8867749332396637,0
-0.9335611538362989,4.107979875459312,1
-1.4179080947583895,-1.4474124881069703,0
-2.2258517302826086,-2.626722133039694,0
-2.4024000199232467,2.576280360950162,1
-1.6035123683175168,2.684903764502471,1
-2.2154569144046254,-2.1607130752371573,0
-1.8544100349091994,2.5788739087454666,1
-1.3369654065015801,2.8897469848462003,1
-2.310444328148532,1.5969366909082376,1
-1.46650628210257,-1.6386618610057413,0
-2.126504410723861,1.8670773977663186,1
-2.087868701483744,-2.3597743151368435,0
-1.9817168945227783,2.9911263956550247,1
-1.9111204580095638,2.259367387904139,1
-1.2268007398903777,2.728136909132868,1
-2.3624174741382387,-2.3298660586764934,0
-2.560268382995954,1.0248248906549091,1
-2.653626117522371,-2.275089119396764,0
-2.1860016918332663,-1.2992513801129184,0
-2.1041355068191105,-3.1794752362139693,0
-2.647098501502221,-3.6347061342198375,0
-2.4041675253201733,1.8964760168350112,1
-2.6103645979789922,-1.4879084096049096,0
-1.4785247044841774,1.5538431186210202,1
-3.0820861111884383,0.2805358967752478,1
-1.9398959873357997,-2.2330265192704672,0
-0.5114922124731633,-0.7284235556394758,0
-1.7183708685919656,2.3557581973982216,1
-1.2112732479004085,1.8663697049473496,1
-1.97447072841657,-2.619291531641413,0
-2.4018049603117366,2.2658833287498625,1
-3.236610112874037,0.9497647216515168,1
-2.4396266415898933,-2.698191506384686,0
-2.239316463675263,-2.7095169552444642,0
-1.8675890451166035,-1.9582528214056745,0
-2.4340429146351483,-2.7260010910844494,0
-1.2801234247020081,-1.8314698631144768,0
-2.3050497914455597,1.9432141618438876,1
-2.5192947658712157,1.472474798800663,1
-2.082902270245079,-2.027401984097466,0
-1.170044267941138,-0.5006628534235393,0
-2.5238892057468734,-1.865947883486318,0
-0.9201184767621082,-0.62126402776869,0
-2.2506967184054667,-1.2545417475206309,0
-1.841261070122502,-0.650406994832794,0
-2.4259080667066266,-2.8515003111791417,0
-1.2998535604477257,3.381260244088337,1
-2.51531895506354,-2.402512293654689,0
-1.8242549006540074,-2.4588447311791604,0
-2.2571889965432854,1.6293449326366027,1
-2.5063799951838894,-2.2898419608128853,0
-1.9739881744556287,-1.5449747040274575,0
-1.296012931248767,3.2161388198312113,1
-1.9898616298099967,-2.5221508606286838,0
-2.093399102975931,1.7558754452316865,1
-2.0597647058070505,-1.9481210567531444,0
-2.4824299435164456,-2.3829409763461653,0
-2.220669289996545,-1.4620126234800916,0
-2.1490972736082212,-1.9204185247768921,0
-2.172949543493234,-2.6875287383195934,0
-1.8275496841518488,2.146483225133326,1
-1.8706342984522943,1.6446179803175403,1
-2.4736131425444126,1.7847697760825247,1
-2.8868837643744945,1.5094422423078555,1
-2.5006698743227664,-3.7912102506823464,0
-2.485232474579622,1.5522639165995735,1
-1.8441479907635987,2.658080408152898,1
-3.0788668922086146,1.3685428433966569,1
-1.677550576797471,-1.0086413247932648,0
-2.931689591611054,0.997416043010344,1
-2.5608891894338557,-2.1676417519494597,0
-2.9036935594366273,-2.9381579478152977,0
-2.07175610523172,-2.3803455986533715,0
-2.839428609845818,0.8120152832049823,1
-2.282912861107116,-1.1648666208014722,0
-2.226040461190248,2.4623718866166526,1
-1.4902105957163894,2.778730519048831,1
-2.068871376630649,-1.8896423223584233,0
-2.555054493349645,1.4638319569144205,1
-1.3117063397919986,-1.0111802320544028,0
-2.5824615682376724,1.0842929730221496,1
-1.6691682472191585,-2.157860800614903,0
-1.93425466434221,1.0368951468313907,1
-1.8197117025788376,-2.1688289209986342,0
-2.0803690664101997,1.2815687258447648,1
-1.3784571433801491,2.1449836799698527,1
-2.3896671636868803,1.8943624617669053,1
-2.1110327707003504,-2.631283122737005,0
-1.7448251743947654,1.8618793887406262,1
-1.607942022328222,-1.5661092800687189,0
-2.560907925595602,1.7396994150023586,1
-1.864309396219306,-2.149962383317404,0
-1.5803983642862978,2.6383166225456485,1
-1.6084943001392882,1.4441510697980466,1
-3.228832244296405,0.8280373175924978,1
-1.6234300045523906,-1.73616430829576,0
-2.1179805537425946,-1.7577411589242575,0
-1.4751250297414666,-1.9824304731694824,0
-2.469791624753507,-4.246437891184158,0
-2.1707774785975342,2.026931046494764,1
-2.2151651887588137,1.777463013598165,1
-2.410550407625531,-2.7850772827236323,0
-2.248077195583158,-2.6247920807936493,0
-2.2624824435575244,1.5051098093283544,1
-1.6692908881556408,2.546210167297051,1
-1.375595357109086,-1.1673714484245714,0
-1.5950732409011539,-1.5779366296044808,0
-3.094658651230737,0.5833225628542107,1
-3.19520133321692,-3.5140943185391675,0
-2.1749599561403743,-1.543942807809846,0
-1.8283055148141099,1.8981913810453859,1
-1.501459337443447,2.6920563180954664,1
-1.58661929328262,-1.2724825436662457,0
-2.3630143141945634,-2.152170952113979,0
-1.4625487102889139,-1.4880157036531254,0
-1.5918901966643824,-1.0817599361428838,0
-2.254987905702727,-2.4771601340261413,0
-2.044292816594671,2.15520068881883,1
-1.2741898308046122,1.9817100745080516,1
-2.6152681345407087,-2.9693378559785257,0
-1.8798725499920974,2.7938219536875244,1
-2.226131116157573,2.444279308891311,1
-2.22720586778491,2.0162891531352316,1
-1.4551696588005334,-0.6763287635468365,0
-2.4391589679239347,0.32813732215091274,1
-2.0709432610263905,-1.4879355618581735,0
-2.29937707430213,-2.0866852137377707,0
-2.2403784485941816,1.4830227118745933,1
-1.8142732302167577,-1.3608308544193966,0
-2.607759498881095,-1.453156593175336,0
-1.5440458393063239,2.6577656659033346,1
-2.904995451701115,-3.0968429515422535,0
-1.2683216345259987,2.772164771339753,1
-1.3850938118571008,2.891546617247511,1
-1.7390771390175395,2.223391451697933,1
-1.7562409427000785,2.972711949526927,1
-2.6985783940856836,1.9139856015419578,1
-3.059748038185088,-2.1415285111605873,0
-1.9084289782971955,-2.0471778861475163,0
-2.962189671578995,0.682510906442372,1
-3.1127115977272313,-3.160075904260781,0
-3.5857055217885825,-3.672272595037038,0
-2.168457341633447,1.7616816732458154,1
-2.4780769098668056,-1.903419208508556,0
-2.446345075070665,-2.648138032366781,0
-3.4507565920342262,0.7052295187311708,1
-1.5215269549790857,3.3058125643379412,1
-1.2704047517668893,2.089847674200379,1
-2.894761747710824,-2.2590013270701244,0
-1.7987292494224172,-2.368769302404243,0
-1.8011551072506318,-1.44452442642929,0
-2.7314891300816844,1.6797646753494844,1
-1.9590863714040663,1.563772456851044,1
-1.4207648187101163,-1.1372417697051636,0
-1.3545919787933642,-1.8313366500397372,0
-1.4430635323714824,-0.8354775369075578,0
-2.202371640056912,-2.9983505288454597,0
-1.7884441338061492,-2.2051798323380987,0
-1.767881648275631,-0.7682901376281335,0
-2.055049013804314,-1.4612786606845345,0
-2.1106543702079907,-2.174100296688222,0
-2.4774759619888913,-3.5025082395838583,0
-1.7508094248826462,-0.8705830094879177,0
-1.9770992134147287,-1.6791700761454593,0
-2.3252344387393267,2.1699824031999766,1
-1.5422189967535314,2.5083713952700597,1
-1.2364175125043255,-1.6681971216120501,0
-2.7836115286638794,1.7218782903718102,1
-1.5576922203043038,1.590359915488339,1
-1.1862886107856543,2.880281892647914,1
-2.3659910159724182,-1.5579008647384625,0
-2.9143795023045946,0.9038789002481198,1
-1.5772133169471125,-1.7620521168985466,0
-1.9317017645469545,-1.672877775017528,0
-2.5924689165055477,0.3056181434780627,1
-1.6901788623572602,2.729712198857666,1
-1.3153188474756434,-1.1151830988056806,0
-1.961644276757639,2.2231612407055037,1
-2.8484355175889884,1.2016475784298342,1
-2.223491171067801,-2.2543250478019563,0
-1.96927624101711,-2.3027537006605763,0
-0.8930107389497124,-0.342246636789455,0
-1.8289022309905478,-1.6663308789027456,0
-1.6856148403343965,-2.4448285372430867,0
-1.9874425050159301,-2.942607165935159,0
-2.453359869130466,1.887818279642599,1
-2.0124747292512826,1.662666287797585,1
-1.2864367625262292,-0.6933546130346688,0
-1.8600926468723813,2.1976584229994547,1
-2.9001693739671737,0.6047360016616212,1
-1.5479632990583239,3.189207727173013,1
-1.347419053400448,2.021386803926776,1
-1.2219177469128555,-1.8595686418537285,0
-1.6309263989748872,-1.7751493386276713,0
-1.6195975259807252,-0.7743556806206713,0
-2.648626664402589,-2.215099710170609,0
-1.7707717530800056,2.62447346239742,1
-2.6767642087229713,-3.4016755370323777,0
-2.5255154458566973,-3.376336873183403,0
-2.1256350439277334,2.066489353779258,1
-2.109804235190331,-1.6269497614556863,0
-2.5642973393028927,-3.3860128272914416,0
-2.644579497068924,-3.113178458201628,0
-1.790974467697519,-1.462838774696317,0
-3.478887042492496,1.094019482202432,1
-1.8158003186046354,1.839698645798075,1
-1.8616605325784399,-2.402264293179513,0
-2.414330609162096,1.4349903768303993,1
-1.3178972102941136,-1.3522847809625873,0
-1.405155743767486,-1.3874228484499862,0
-1.4236021820216092,-0.8666073422019047,0
-1.7045508957990676,-2.1901878466845477,0
-1.450485394888565,-1.7431977956073765,0
-3.136514419258962,1.7068335474936611,1
-1.4581965726019515,2.33329096032392,1
-1.8965405293684234,-3.166322909302335,0
-2.195482944498868,1.9253236959262543,1
-2.1086908246934275,1.7332778880092372,1
-2.1454660911027847,-2.3688837543595618,0
-2.8864301961385257,1.5601349791925656,1
-2.149018034888463,-2.3895856750171336,0
-1.5279219159906492,3.12662260389064,1
-1.973130251991317,1.909899899532685,1
-2.265756570294486,-2.594557378505301,0
-2.113617815343226,-2.682389949287616,0
-1.270273102932224,-1.5534613500969106,0
-0.5245759248991637,3.661052292238458,1
-1.412378787101865,3.7497856129051312,1
-2.257478571343335,1.7532759899478847,1
-2.2796240525226086,2.4567073937698787,1
-2.829048119950933,-2.8072738460244984,0
-2.826351350009835,0.3270829098627508,1
-1.9652135176955599,-1.8667924758530152,0
-1.728261720127727,-1.3483273940431864,0
-2.592358435651812,1.0071399032626527,1
-1.6161982725544348,1.5748582949707801,1
-2.0731921413503116,-2.1836137119977463,0
-2.128845756576682,-2.6676270113482903,0
-1.3368837855171476,-2.2582119258389683,0
-2.172520931194092,2.5545193675427806,1
-1.9131156540588081,1.4795654850344695,1
-2.0095598908662873,-2.1073242006344572,0
-2.7449497503064517,-2.5272118409415874,0
-2.7638057160655047,1.6257285144860711,1
-1.4764224443405112,-1.2248396049054493,0
-1.3985418808959347,-1.245257025358955,0
-2.5613935496746922,-2.81365981647828,0
-1.4843552306136152,2.5793672921566717,1
-2.5087279326719103,2.119443981073246,1
-1.8665740647154905,-2.0179440973891163,0
-1.702074580963819,2.334126867199094,1
-2.2813469833086955,0.7344468976241854,1
-2.771844878067146,2.6238635559937498,1
-2.5675152502584897,2.097776248727045,1
-1.7482783606078995,-3.0093074058950906,0
-2.9562781007648633,0.5415933384261202,1
-1.3689536859208513,-1.32153469968729,0
-1.9519629881247433,2.914228053096825,1
-1.9563460988584072,-1.9507333863638427,0
-2.3224313627994944,-2.4842337499827303,0
-2.331683915085722,-1.405143976180161,0
-1.7198341097966026,3.097587397966562,1
-2.5485643460768834,0.47059181709588027,1
-2.080684164366763,-2.756749693195742,0
-1.232850532463944,3.013837883645514,1
-2.4181272250462182,-2.4612483591652956,0
-1.9536259013617983,2.4433182780365597,1
-1.8588812712725913,-1.9766643152099455,0
-2.3278887206984074,-3.0389030615332686,0
-1.4170316570381234,-2.7965439495180955,0
-2.511474875652755,-2.6917850624440285,0
-1.089198315285228,2.9121900805621124,1
-1.7581344614126722,-2.0720350761026785,0
-2.0843781098801983,-2.69721004452533,0
-1.664727850455216,-1.4592065291252152,0
-2.241591280115859,-2.61069279338315,0
-1.336572658728532,-2.1907676223491204,0
-2.677202131230813,1.5240893503862472,1
-1.958568225907547,-1.5783663577842986,0
-3.1270942778251687,-3.688529000785616,0
-2.348905866092472,1.2650967105855417,1
-2.7065753941682935,-2.751202114996865,0
-1.6778010639635939,2.7270471289564475,1
-2.8085386305900024,1.8805986995412658,1
-1.9091460467721977,-2.5526541981957553,0
-2.229993292851451,0.785005399440571,1
-1.6541186329686877,2.6554759050809533,1
-2.7754286948239217,0.7267537890949916,1
-2.006573364146444,1.7165012052816486,1
-2.0857611413250705,2.3530213883375617,1
-2.7109323018947515,-3.0222924406371945,0
-2.6300496123522428,-1.926559008397094,0
-2.3260968421087886,1.2548577897990945,1
-2.866441605490961,1.2811661054160544,1
-1.2420121700158397,3.316800156601331,1
-2.4078969823813754,1.5749794488530224,1
-2.5149819246535414,1.9805995918021808,1
-1.6725649177424764,-1.1916590784478707,0
-1.766888324784528,3.2164300898132,1
-2.1609525586956826,1.3707814322799272,1
-2.541742434907921,2.387554828494602,1
-3.2133328793673455,-3.0066953952836326,0
-1.235656913266804,-0.5008625913945595,0
-1.9639219596951185,2.4306770409871286,1
-0.8739041084506487,-0.8241644510004029,0
-2.142372820588444,-2.357782450410177,0
-2.615526082684186,1.735036884683541,1
-2.5864686873292406,1.4692740506673956,1
-1.005971687303942,2.0725229684065516,1
-1.715453562241927,2.4564431758002403,1
-1.977335656133818,1.740948228258857,1
-2.4528372521098865,-2.6192525279745267,0
-1.1968851319748601,-0.7735347874870335,0
-2.6219396764989567,-3.2797010014593715,0
-2.97597036491708,-2.6882126161012545,0
-1.864703305904891,1.975835509638134,1
-1.8693685699888405,2.3213884111775123,1
-1.4327407406558754,-1.9053348832654593,0
-1.4848994208967385,-1.1133746499150279,0
-1.7793217577281941,-1.3161428489850713,0
-2.924562935428955,0.9667300927502671,1
-3.0504007259582178,1.9007880728741782,1
-1.9363591322308256,1.9651025664602804,1
-2.756074905707116,-2.864102138787947,0
-2.4234465883628777,-3.657400451704909,0
-2.508160554973349,-2.6222603123273904,0
-2.2936067371203612,2.0178308160018865,1
-1.8480079969262775,-2.462907281910825,0
-2.3801140865783816,1.339904193788888,1
-2.1287417019640595,2.262730885223752,1
-1.2073436370156383,-1.312187726575628,0
-2.1594512592512585,2.2260937846417073,1
-2.3987537420910887,-2.830845879895,0
-2.001423404489108,-2.1761747596158325,0
-2.0713287990349407,1.4977516585514288,1
-1.334958773822958,-1.8201455036241028,0
-3.0014948067466465,0.8390727955501152,1
-2.626937536257876,-2.3895037923746973,0
-1.174992025197641,3.2938924772352585,1
-2.252023852107606,0.9792735231017609,1
-2.1127634744277364,1.0528161210035827,1
-3.0713985051017283,1.4044866598303614,1
-1.869418968611236,3.2194970533724496,1
-2.1362324375377173,-2.1107853330784847,0
-1.8147991243876052,-1.3801458522445438,0
-2.633584197862173,0.9341865219398646,1
-2.169713068934284,-1.893060243402833,0
-2.2940343256850007,1.6516308074601918,1
-2.0420683104127564,-2.1821566460667174,0
-2.3722521261908946,1.3566218264015146,1
-2.057742953596522,2.1167165299991986,1
-1.3459963746506771,2.3590011691268975,1
-1.1159513220603587,-0.8793187364970996,0
-1.1628327551208697,-1.34640109879655,0
-1.5355810094479427,3.9065923542423704,1
-2.3076243670796526,-1.513831236487905,0
-2.0230118026944734,-1.7586116488590275,0
-2.1005391045563484,1.7531187097534893,1
-2.691515674233131,1.2665325114122798,1
-1.5088721248266437,-1.5083309646233036,0
-1.7938491858752688,1.723631190818651,1
-2.185592078533105,-2.1918185619500843,0
-0.6580668891631611,-0.39538751655435145,0
-1.5422566188715763,2.939869015707146,1
-1.3819011739194815,1.871091280969986,1
-1.3127654056041775,2.371306210606074,1
-0.7375325794156868,2.1400210041510332,1
-2.5228662222847427,-2.9796620861687715,0
-1.6636050374043458,-2.513164905581022,0
-1.8980244663859371,-1.2458957913033355,0
-1.7897118499050029,-1.1263416218307982,0
-1.7868713355309696,2.9053072837115184,1
-2.23796960233288,2.314969890200292,1
-2.0018234542982247,2.815179842731402,1
-1.9615857045862923,1.852345306011146,1
-1.4433901917293164,-1.8916441608226526,0
-2.184507878286073,-1.8562398968831368,0
-1.708534525407508,2.4395024077016902,1
-2.3653975406005117,-2.4380482200141733,0
-3.446346635763426,-0.25121669883267783,1
-2.50790589227617,1.0519136753911495,1
-1.7081911011504254,-1.290343157954029,0
-2.7250956151600043,-2.4250748693284585,0
-1.7909116004026033,-1.1167572981985519,0
-2.530506685801613,-3.0536087685870945,0
-1.6554221601483627,2.0080898039868855,1
-1.2620212202078454,-1.2914944886003394,0
-0.5394431714810368,4.055703285861441,1
-2.74438773432728,2.2259391737122276,1
-1.6758990576810695,-1.3104870013951104,0
-2.8763976072689643,-3.5110152606831257,0
-2.342593271307099,1.681077260720264,1
-1.5969302108358996,1.978600178587196,1
-3.307371968111924,0.7778710707590686,1
-1.5422140524692007,-1.738256647360209,0
-1.5506843697627035,-1.448958490703419,0
-2.6348291561627035,-1.903522375413379,0
-1.866669767118102,-1.8438651967649213,0
-2.766865152119261,-2.773408724866366,0
-2.0060123702684063,-2.5819814380558213,0
-2.1638380634165877,2.248795074883543,1
-2.3463157431751447,2.034470278185884,1
-1.109512514575509,-0.7507252560695947,0
-1.8628459909732156,-2.151391866464822,0
-2.539341591036539,1.6807933916717168,1
-2.1387317076112655,-1.4894365343576883,0
-1.6966224875619327,2.770342093711561,1
-2.3956031996780625,1.925475218634208,1
-2.3044813534425765,-1.917275878105381,0
-1.4932133736101032,-1.7395276087385267,0
-1.920006491740716,-1.920684957261607,0
-2.1096468058648816,-1.6341567910121966,0
-1.5210458681230679,-0.31150519431982504,0
-2.0494651492139693,-3.0526003700692868,0
-1.5022587089214468,-0.6141041176206594,0
-1.1601696464073306,3.001669407689697,1
-1.4328276321987952,-1.7740430441504709,0
-2.3961212873207938,1.098445367148945,1
-2.0226532602584033,-1.5101295910198957,0
-2.4674060505097777,1.3277414743223248,1
-1.524140910506842,-1.3338999912981846,0
-1.2512805692600724,-1.3937720308783141,0
-1.4315402883705337,-2.1664263859168695,0
-0.7332862709679369,-0.2214117337858379,0
-1.2782023000301863,-2.0438932351157733,0
-1.6050985156100432,-1.8158312088463215,0
-2.309484934225574,-1.9535494441505508,0
-1.556610646051043,2.8576220500562006,1
-1.8016891331118394,-2.4869040090634034,0
-1.8306611421742647,2.2395830050716077,1
-2.968414195345917,1.4571506206804852,1
-2.1970534147289635,0.8062621786331707,1
-2.6006226959828664,2.1239927207321903,1
-2.6879464592419477,-2.4379636018538635,0
-1.9640789503115843,1.7400525717649544,1
-3.2493854142538954,0.3693877006427633,1
-1.7945867097938286,2.9321126904877364,1
-1.8327375899463618,-1.2011760253162969,0
-2.743706140986139,-3.7353316556960507,0
-1.701539660063948,2.2957753244492745,1
-0.9848180895668495,2.931326174865406,1
-1.5297582427824057,-1.1359909789273877,0
-2.0022109917775737,-2.0942997943804276,0
-1.9418830060545984,-2.1924966876153253,0
-1.8739011089870785,-2.03741163166043,0
-2.6617390733535826,2.207263828479939,1
-1.38541334575733,1.970619836423735,1
-1.6794780136774279,2.278233004691688,1
-1.2987371337959848,3.253027525150451,1
-1.6372211484576107,-1.5067954384736284,0
-3.160381837095426,0.6767788636780279,1
-1.3905825937757716,2.843156173456579,1
-1.9571117167437433,-2.358549999628962,0
-1.7227920795653047,-0.773029416048737,0
-2.255981437903109,-1.8827052802970539,0
-1.5007325471818247,-1.3691389592261172,0
-2.0592025927444446,-1.7867229165387557,0
-1.9907652494664063,1.8410674934036675,1
-2.7788601797611925,1.2821546561505617,1
-2.4674242993831763,2.4954513144199866,1
-1.5732819511723461,2.609151835015135,1
-1.219620345088462,2.4430732403061177,1
-2.748155489737737,0.5380631127094702,1
-1.4648545978799956,-1.4356655835543455,0
-2.4669033161441174,-2.1475714131277552,0
-2.4363915613010034,1.897233634548683,1
-1.8617758839996572,2.238337706202856,1
-2.711930911708599,-1.9264606550404342,0
-2.711172666220209,1.4542407766445051,1
-1.2825263679124095,3.4821045926617993,1
-2.7616053037171424,0.6115646184806898,1
-2.5800869039433993,0.23700649618103298,1
-2.0015130219075674,2.8916335415210908,0
-2.620690206668185,-2.4789500912907854,0
-1.9785970558709298,2.2244729847958316,1
-1.9913589469879123,-1.6945952334143437,0
-2.7860919623840883,0.6012170994644837,1
-1.366945349645329,-0.962175041519103,0
-2.27952171048174,-2.3137963567572557,0
-1.968064565089175,-2.6894892312274914,0
-3.6162423624371716,1.4454272149756289,1
-2.598119939648351,1.2072537906809566,1
-2.1350357586338653,1.5165878832945578,1
-1.4667316726723114,3.074673542965984,1
-2.244295382636186,-2.011164867237085,0
-2.087833187071405,1.8101350450387055,1
-2.275305794525234,-2.325323641895335,0
-1.561458103263074,2.8973574053692346,1
-2.015573410683869,-2.066698713294143,0
-1.765899118536356,2.309567788307559,1
-2.28423999552822,2.4875256285529623,1
-1.7770191250025622,2.6075164573020584,1
-1.0870740625013426,3.4362618961297122,1
-1.8702230833089397,-1.8966802925656128,0
-2.4375628034402577,-2.672914077364013,0
-1.8290326387825016,2.2038745179928925,1
-0.9415794583336061,3.407085534014139,1
-0.2613412460102653,3.822869808980357,1
-2.509221082576871,-3.119485152099498,0
-1.7022833028454072,-1.730482422125061,0
-0.9484422947661606,4.430597030177341,1
-2.492517078046833,-2.8213727679242635,0
-1.7291622328611158,-1.4257407619215845,0
-3.0763526172272213,0.6144281335414306,1
-1.8121006391732228,-2.164998745644639,0
-1.9592232050417413,-2.3556490726200616,0
-1.4675938315831027,-1.9521150275488235,0
-1.782924747423773,3.7708445993456596,1
-1.9620211217751324,-2.368110137026289,0
-2.7655555577814237,-2.0363180748952336,0
-0.11101484336316814,0.9432626127500252,0
-2.3606625414718074,1.4244533800908776,1
-1.431519883551796,-0.9163440027413172,0
-0.6842202828534851,2.273142628594038,1
-2.4652816835190774,-2.440654223343956,0
-1.8034619360283917,-2.168161531557068,0
-2.163758963800953,1.7702563051832345,1
-2.1127122230038493,2.502704795430068,1
-1.8626597867507144,-1.6524397514147777,0
-1.6340027919171463,2.537205976336355,1
-1.7270023710494264,1.9798532602497652,1
-2.281847465896044,0.03332608598909759,1
-2.310242277302968,-2.0483627984286015,0
-1.5817328923823186,-1.7166027066299723,0
-1.333956555900038,2.50165732560495,1
-2.532369989202565,1.4537049309391286,1
-2.2268317168823564,1.6324403737462805,1
-2.3127437302970937,-2.313581712582947,0
-1.9564766555395166,2.653270898868474,1
-1.6015231030186228,-2.0213860793369665,0
-1.7136706029949573,-0.8120432782153519,0
-2.5670650931739525,-2.5401087504835322,0
-2.7865938136879356,-2.774127735413905,0
-1.9918929340460776,-2.027745816602187,0
-1.9906384822770566,1.0964399517307877,1
-2.8312152409222344,-2.8044116037406654,0
-2.6410308789241066,-2.545724982041186,0
-2.7070909599995527,-2.927724401430813,0
-2.624836886536073,-2.1141525804870342,0
-2.3768394222651046,2.455520017746392,1
-2.2923989949274746,1.2446789649612922,1
-1.7546471973763582,2.2870622370539926,1
-2.899852205670046,1.5160424249060114,1
-1.6754103267880591,-1.9918364444659697,0
-1.2723653827402992,2.2942051056021864,1
-2.494947550446219,0.7998299052554201,1
-2.6895090644776474,-3.2500260693732717,0
-1.8595666872236736,-1.2641171047740474,0
-2.800810094555901,-2.974683094270884,0
-1.7082632757901317,3.0487214213772433,1
-2.3544483898390505,-1.7947482519819622,0
-1.7654993520466704,2.3595905121534324,1
-2.3454304824613796,-2.41834460781031,0
-1.927749783085461,2.0050741188970984,1
-1.0952904412500923,3.263639651315094,1
-1.7050085827773058,-1.0990089628214286,0
-2.002534201601138,-2.5300090081278,0
-1.8029600147098874,2.0412906227162417,1
-1.8479515904170243,2.4234302000645926,1
-1.9943812680468214,1.1395093241039698,1
-1.950825230305908,1.9484206484976105,1
-1.1413905935972726,-0.6119744461110408,0
-1.3215874009036725,-0.5134843916846079,0
-2.1287095905148083,2.1902659058290386,1
-0.3388441925340646,3.430872333242239,1
-1.630527312421211,-1.5206194702169786,0
-2.397234226017136,1.7211131720834567,1
-2.269728342407447,1.0229674175413663,1
-2.4904902252173295,1.5970042764703747,1
-1.5689121122312897,1.5890690266207028,1
-2.0285518993607856,0.8958196456165821,1
-2.083874420699399,-2.832697869275486,0
-0.6333745376223348,-0.7301398071481131,0
-2.303235193275477,3.1059821507827237,1
-1.7223737506772692,2.343695613903382,1
-2.371732030349803,1.348011901894724,1
-2.3377206471733163,-1.7606011372657122,0
-2.410742018464747,1.8046013953419104,1
-2.1523089369406527,-1.7248598319613284,0
-1.9474174122893042,2.1780314043086912,1
-2.943160131237766,-3.1531356534560393,0
-1.5909452049727615,3.4741073475307136,1
-2.2278556191757537,-1.816431517584949,0
-2.2556511227518654,1.7938345613281597,1
-2.0318824463748517,-2.300001377090373,0
-2.101221942542055,-2.299366785275877,0
-2.566738621162308,-2.6629212694285966,0
-2.2659001757637087,1.9259042797827723,1
-2.1321286551041454,1.6716036718082656,1
-2.4071965947385037,-2.1477000157099817,0
-1.735863498819081,-2.3096753297324484,0
-1.3566670516460908,-0.9432116981491381,0
-1.84539170358549,-2.7882094795647676,0
-2.992619858311419,1.373795941807428,1
-1.4883558750867079,2.2899910819243283,1
-2.1339065452885633,-2.8399248054857362,0
-1.4808825798508964,2.603144724237062,1
-1.4813326121901271,-0.6151658546214449,0
-2.2923965307517924,-1.8772020534341647,0
-3.541825438287808,0.3874974948757157,1
-2.2575250046888087,1.9869093395128454,1
-2.1965409525400217,1.6296322006808583,1
-3.2330815055969446,-3.52325178000694,0
-2.207437246780167,2.2932182515119797,1
-1.3519090559353062,-0.024024183795683607,0
-2.5556993637534196,0.8615563000868951,1
-1.4199411367714656,-1.7230333800778355,0
-1.9146765246844901,-2.524729733434807,0
-1.7608248952167183,-0.6428284803443238,0
-1.7960251660043638,2.4795357560000078,1
-2.5753427083420757,1.1072218291107774,1
-1.0527355281923076,-0.05962520049452591,0
-1.330376365100991,-1.3794443123510773,0
-2.732228255024388,-3.389896293436477,0
-2.2596953386934735,2.4279964653868094,1
-2.2098667094810445,1.3138136542342194,1
-1.2665632273996257,-1.5980987992461437,0
-2.3496282633142784,0.9508169633014496,1
-2.2729926286884785,2.1917828621493567,1
-2.422280707292224,2.697561832683222,1
-1.9482048195786548,2.7794220692834255,1
-2.1928737257830027,-2.7561588360947176,0
-1.434678880021308,-1.1913745795283641,0
-1.5797089334892218,2.651697185106928,1
-2.398043151020758,-2.5906862372548205,0
-2.946893054119778,-4.0659378144193425,0
-0.6148414598050733,3.727188385826674,1
-2.538536460704606,-3.4110963162434205,0
-1.9870583032300064,1.6938688790080547,1
-2.117831486131741,1.9292127328632793,1
-1.5626083925638603,-0.8246560475523816,0
-2.3992817842776737,-2.0592310977739823,0
-1.8714719293201791,0.352137259676776,1
-2.2555873221304212,-2.8407888026900228,0
-1.7184057262851002,-1.4557787745880066,0
-2.5235303721801348,1.2531404147068916,1
-0.9373486918682867,2.283601552536057,1
-1.9155235038656886,-1.2288147671714473,0
-2.135572547626168,0.7711706487357615,1
-1.760194139582465,-1.8282355855892694,0
-1.2455392484288588,-1.3639592202476083,0
-2.2840536485998917,1.9239627058294353,1
-2.3771736555053615,1.8745325988979304,1
-2.838799622351313,1.4505377633589964,1
-1.6246243675119592,2.690689327280557,1
-2.0425584142990734,2.096984745403313,1
-2.234782707763796,-1.9894589303670889,0
-2.19282921311869,-1.8824669887816,0
-2.4345679493849826,-2.717987432318068,0
-2.28541483852745,-2.293781576860801,0
-0.8076285600353004,3.5624126048386193,1
-1.938600232983327,2.235708731797419,1
-2.3105205232711783,-3.0407602250869896,0
-1.869326486956234,3.3650534628928557,1
-1.3700393267919058,3.2050475426604272,1
-1.8466018423256099,-1.9471739954903697,0
-2.0945502411427843,-2.9450618079680195,0
-2.0039399919412295,2.390596588506019,1
-2.036762823331892,2.1667628885830803,1
-2.0579400887061303,-2.7630773138682327,0
-1.2337801659040557,2.991747530081538,1
-1.8169216412398002,3.3183271751599053,1
-2.7590037704236017,-0.17139884006040074,1
-2.920792722117792,0.1850689238179497,1
-1.6564609791779956,-1.5464732245595383,0
-1.7686486914001807,-2.791561986774634,0
-2.449635080861295,2.1868044471011494,1
-2.4360820250175137,-2.261652475434337,0
-1.7697561596586393,1.2504844810599791,1
-2.0261266886142093,1.3896764339631524,1
-2.5288555471169616,1.8644201129282254,1
-1.9511460068722155,2.766028443362208,1
-2.351085362903869,-2.559576292323391,0
-2.1013660431996932,1.637317937847737,1
-1.5276127374682371,2.4666484903129993,1
-1.8899283449241442,1.7722206310136175,1
-1.6346820322804811,-2.056039666640751,0
-1.9166881800352018,2.6103217288304776,1
-2.0582250929860226,-1.7837203965987087,0
-1.4512752335390045,-1.3524630404596572,0
-1.6385390471344827,3.4628070191118034,1
-2.2271588064949186,1.740908391601963,1
-2.0459560118544915,1.5141742797983735,1
-2.250458322058474,1.8044150968629387,1
-2.2399304804327054,2.0366886765938754,1
-1.267173782434737,-1.5983054594621848,0
-2.078045771920732,1.0831951485574782,1
-1.468073093258826,2.229016307168977,1
-2.7533459613879527,-3.7060893278513785,0
-2.1687790767323882,-2.600522040796889,0
-1.2858729725064597,2.663953403544459,1
-2.57887496023635,-3.393494896539493,0
-2.654033014523198,1.8042530263506933,1
-1.890506924682172,2.804475692945029,1
-2.397705911105776,-2.3070527305637323,0
-2.172453964668708,-2.2569600404817063,0
-0.8668939174515606,3.427364206728315,1
-2.328974228312449,1.4530476213389534,1
-0.16299959670568143,3.731035820912993,1
-1.6402407986041658,1.8176460217846797,1
-1.8334857315345445,-1.514647401608213,0
-1.3028755824677463,-1.5759753247595407,0
